{
  "Add User" : {
    "transaction" : "Add User",
    "sampleCount" : 50,
    "errorCount" : 0,
    "errorPct" : 0.0,
    "meanResTime" : 1828.2199999999993,
    "medianResTime" : 1422.0,
    "minResTime" : 1328.0,
    "maxResTime" : 7838.0,
    "pct1ResTime" : 2272.999999999999,
    "pct2ResTime" : 6604.399999999993,
    "pct3ResTime" : 7838.0,
    "throughput" : 1.3570730648138096,
    "receivedKBytesPerSec" : 1.640494593760178,
    "sentKBytesPerSec" : 2.2463269969330146
  },
  "Remove user" : {
    "transaction" : "Remove user",
    "sampleCount" : 50,
    "errorCount" : 0,
    "errorPct" : 0.0,
    "meanResTime" : 498.3200000000001,
    "medianResTime" : 351.5,
    "minResTime" : 293.0,
    "maxResTime" : 4319.0,
    "pct1ResTime" : 829.1999999999997,
    "pct2ResTime" : 1134.0,
    "pct3ResTime" : 4319.0,
    "throughput" : 1.4654161781946073,
    "receivedKBytesPerSec" : 1.4796123974208677,
    "sentKBytesPerSec" : 1.0046114815357563
  },
  "Debug Sampler" : {
    "transaction" : "Debug Sampler",
    "sampleCount" : 50,
    "errorCount" : 0,
    "errorPct" : 0.0,
    "meanResTime" : 0.3600000000000001,
    "medianResTime" : 0.0,
    "minResTime" : 0.0,
    "maxResTime" : 5.0,
    "pct1ResTime" : 1.0,
    "pct2ResTime" : 1.0,
    "pct3ResTime" : 5.0,
    "throughput" : 1.6802204449223737,
    "receivedKBytesPerSec" : 0.49002054069493917,
    "sentKBytesPerSec" : 0.0
  },
  "Total" : {
    "transaction" : "Total",
    "sampleCount" : 250,
    "errorCount" : 0,
    "errorPct" : 0.0,
    "meanResTime" : 4655.031999999996,
    "medianResTime" : 393.0,
    "minResTime" : 0.0,
    "maxResTime" : 34574.0,
    "pct1ResTime" : 21522.5,
    "pct2ResTime" : 24845.6,
    "pct3ResTime" : 33428.330000000016,
    "throughput" : 6.129403976757301,
    "receivedKBytesPerSec" : 5.449926025755755,
    "sentKBytesPerSec" : 3.490887108637556
  },
  "View User" : {
    "transaction" : "View User",
    "sampleCount" : 50,
    "errorCount" : 0,
    "errorPct" : 0.0,
    "meanResTime" : 444.2999999999998,
    "medianResTime" : 301.5,
    "minResTime" : 272.0,
    "maxResTime" : 4487.0,
    "pct1ResTime" : 480.29999999999995,
    "pct2ResTime" : 1248.0999999999951,
    "pct3ResTime" : 4487.0,
    "throughput" : 1.4006779281172086,
    "receivedKBytesPerSec" : 1.5005309444771269,
    "sentKBytesPerSec" : 0.31186969493234723
  },
  "admin login" : {
    "transaction" : "admin login",
    "sampleCount" : 50,
    "errorCount" : 0,
    "errorPct" : 0.0,
    "meanResTime" : 20503.960000000006,
    "medianResTime" : 21464.5,
    "minResTime" : 3358.0,
    "maxResTime" : 34574.0,
    "pct1ResTime" : 30089.899999999998,
    "pct2ResTime" : 33371.649999999994,
    "pct3ResTime" : 34574.0,
    "throughput" : 1.286239806549533,
    "receivedKBytesPerSec" : 1.1116428015589228,
    "sentKBytesPerSec" : 0.3655232262753068
  }
}